{"cameraMode":{"drawMode":0,"name":"Shaded","section":"Shading Mode"},"sceneLighting":true,"audioPlay":false,"sceneViewState":{"m_AlwaysRefresh":false,"showFog":true,"showSkybox":true,"showFlares":true,"showImageEffects":true,"showParticleSystems":true,"showVisualEffectGraphs":true,"m_FxEnabled":true},"in2DMode":false,"pivot":{"x":31.841381072998048,"y":56.12986755371094,"z":84.94689178466797},"rotation":{"x":0.028489409014582635,"y":0.7624163031578064,"z":-0.6455844640731812,"w":0.03364535793662071},"size":58.27446365356445,"orthographic":false}